{
  "eslint.config.js": 1774952232.1958866,
  "backend\\prisma.config.ts": 1774964896.9578846,
  "backend\\vitest.config.ts": 1774952232.1777656,
  "backend\\prisma\\seed.ts": 1774968238.5408418,
  "backend\\src\\index.ts": 1774952232.044051,
  "backend\\src\\config\\email.ts": 1774952232.0359936,
  "backend\\src\\config\\index.ts": 1774952232.0395103,
  "backend\\src\\generated\\prisma\\browser.ts": 1775111364.4830084,
  "backend\\src\\generated\\prisma\\client.ts": 1775111364.4845147,
  "backend\\src\\generated\\prisma\\commonInputTypes.ts": 1775111364.4830084,
  "backend\\src\\generated\\prisma\\enums.ts": 1775111364.4830084,
  "backend\\src\\generated\\prisma\\models.ts": 1775111364.4830084,
  "backend\\src\\generated\\prisma\\internal\\class.ts": 1775111364.4962585,
  "backend\\src\\generated\\prisma\\internal\\prismaNamespace.ts": 1775111364.4962585,
  "backend\\src\\generated\\prisma\\internal\\prismaNamespaceBrowser.ts": 1775111364.4962585,
  "backend\\src\\generated\\prisma\\models\\Account.ts": 1775111364.4962585,
  "backend\\src\\generated\\prisma\\models\\BackupLog.ts": 1775111364.4962585,
  "backend\\src\\generated\\prisma\\models\\EntryBalance.ts": 1775111364.4962585,
  "backend\\src\\generated\\prisma\\models\\EntryIncome.ts": 1775111364.4962585,
  "backend\\src\\generated\\prisma\\models\\IncomeSource.ts": 1775111364.4962585,
  "backend\\src\\generated\\prisma\\models\\InviteCode.ts": 1775111364.4962585,
  "backend\\src\\generated\\prisma\\models\\MonthlyEntry.ts": 1775111364.4962585,
  "backend\\src\\generated\\prisma\\models\\Notification.ts": 1775111364.4962585,
  "backend\\src\\generated\\prisma\\models\\PushSubscription.ts": 1775111364.4962585,
  "backend\\src\\generated\\prisma\\models\\User.ts": 1775111364.4962585,
  "backend\\src\\lib\\auth.ts": 1774952232.0493093,
  "backend\\src\\lib\\backup-scheduler.ts": 1774952232.0528097,
  "backend\\src\\lib\\backup.ts": 1774952232.058342,
  "backend\\src\\lib\\calculations.ts": 1774964896.9578846,
  "backend\\src\\lib\\email-templates.ts": 1774952232.0679767,
  "backend\\src\\lib\\prisma.ts": 1774968238.5408418,
  "backend\\src\\lib\\push.ts": 1774952232.076579,
  "backend\\src\\middleware\\auth.ts": 1774952232.081096,
  "backend\\src\\routes\\accounts.ts": 1775052675.2673397,
  "backend\\src\\routes\\admin.ts": 1774952232.0896392,
  "backend\\src\\routes\\auth.ts": 1775035305.2073956,
  "backend\\src\\routes\\backup.ts": 1774952232.101205,
  "backend\\src\\routes\\data.ts": 1774964896.959391,
  "backend\\src\\routes\\entries.ts": 1774964896.959391,
  "backend\\src\\routes\\income-sources.ts": 1774952232.1569254,
  "backend\\src\\routes\\index.ts": 1775035305.1841886,
  "backend\\src\\routes\\invite-codes.ts": 1774952232.1640365,
  "backend\\src\\routes\\notifications.ts": 1774952232.1671112,
  "backend\\src\\routes\\push.ts": 1774952232.1706831,
  "backend\\src\\routes\\version.ts": 1775035305.1841886,
  "backend\\src\\__tests__\\api-integration.test.ts": 1774952232.0029485,
  "backend\\src\\__tests__\\auth-security.test.ts": 1774952232.006945,
  "backend\\src\\__tests__\\auth-utils.test.ts": 1774952232.0109706,
  "backend\\src\\__tests__\\calculations.test.ts": 1774952232.0144897,
  "backend\\src\\__tests__\\config.test.ts": 1774952232.0178826,
  "backend\\src\\__tests__\\middleware-auth.test.ts": 1774952232.021921,
  "backend\\src\\__tests__\\schemas.test.ts": 1774952232.0264463,
  "backend\\src\\__tests__\\shared-types.test.ts": 1774952232.031475,
  "frontend\\playwright.config.ts": 1774952232.2119448,
  "frontend\\vite-env.d.ts": 1774952232.4641976,
  "frontend\\vite.config.ts": 1775024026.055897,
  "frontend\\vitest.config.ts": 1774952232.4717762,
  "frontend\\e2e\\app.spec.ts": 1774952232.1994104,
  "frontend\\public\\sw-push.js": 1774952232.2373738,
  "frontend\\public\\sw-sync.js": 1774952232.2413828,
  "frontend\\src\\main.d.ts": 1775212416.9381762,
  "frontend\\src\\main.js": 1775212416.9268756,
  "frontend\\src\\main.tsx": 1774952232.3694866,
  "frontend\\src\\routeTree.gen.d.ts": 1775212416.9172454,
  "frontend\\src\\routeTree.gen.js": 1775212416.889066,
  "frontend\\src\\routeTree.gen.ts": 1775035305.2073956,
  "frontend\\src\\components\\AccountFormModal.d.ts": 1775212416.8248398,
  "frontend\\src\\components\\AccountFormModal.js": 1775212416.8151891,
  "frontend\\src\\components\\AccountFormModal.tsx": 1775053364.7503445,
  "frontend\\src\\components\\BottomNav.d.ts": 1775212416.3355021,
  "frontend\\src\\components\\BottomNav.js": 1775212416.327771,
  "frontend\\src\\components\\BottomNav.tsx": 1775053325.0146124,
  "frontend\\src\\components\\Header.d.ts": 1775212416.319189,
  "frontend\\src\\components\\Header.js": 1775212416.311314,
  "frontend\\src\\components\\Header.tsx": 1775053228.9464037,
  "frontend\\src\\components\\NotificationCenter.d.ts": 1775212416.2901685,
  "frontend\\src\\components\\NotificationCenter.js": 1775212416.281806,
  "frontend\\src\\components\\NotificationCenter.tsx": 1775053305.6040452,
  "frontend\\src\\components\\PWAInstallBanner.d.ts": 1775212416.3513784,
  "frontend\\src\\components\\PWAInstallBanner.js": 1775212416.3430607,
  "frontend\\src\\components\\PWAInstallBanner.tsx": 1775053512.2425852,
  "frontend\\src\\components\\PWAUpdatePrompt.d.ts": 1775212416.3647094,
  "frontend\\src\\components\\PWAUpdatePrompt.js": 1775212416.3593552,
  "frontend\\src\\components\\PWAUpdatePrompt.tsx": 1775053501.566215,
  "frontend\\src\\components\\VersionBadge.d.ts": 1775212416.304256,
  "frontend\\src\\components\\VersionBadge.js": 1775212416.2971692,
  "frontend\\src\\components\\VersionBadge.tsx": 1775035305.2073956,
  "frontend\\src\\components\\WhatsNewModal.d.ts": 1775212416.38081,
  "frontend\\src\\components\\WhatsNewModal.js": 1775212416.3732963,
  "frontend\\src\\components\\WhatsNewModal.tsx": 1775053264.990484,
  "frontend\\src\\components\\ui\\BottomSheet.d.ts": 1775212416.1835725,
  "frontend\\src\\components\\ui\\BottomSheet.js": 1775212416.1723375,
  "frontend\\src\\components\\ui\\BottomSheet.tsx": 1774952232.297138,
  "frontend\\src\\components\\ui\\Button.d.ts": 1775212416.1062827,
  "frontend\\src\\components\\ui\\Button.js": 1775212416.0927272,
  "frontend\\src\\components\\ui\\Button.tsx": 1774952232.3026257,
  "frontend\\src\\components\\ui\\Card.d.ts": 1775212416.1421325,
  "frontend\\src\\components\\ui\\Card.js": 1775212416.133329,
  "frontend\\src\\components\\ui\\Card.tsx": 1774952232.305624,
  "frontend\\src\\components\\ui\\index.d.ts": 1775212416.271641,
  "frontend\\src\\components\\ui\\index.js": 1775212416.266028,
  "frontend\\src\\components\\ui\\index.ts": 1775048560.4026375,
  "frontend\\src\\components\\ui\\Input.d.ts": 1775212416.1256306,
  "frontend\\src\\components\\ui\\Input.js": 1775212416.1163936,
  "frontend\\src\\components\\ui\\Input.tsx": 1774952232.3076224,
  "frontend\\src\\components\\ui\\Modal.d.ts": 1775212416.1640596,
  "frontend\\src\\components\\ui\\Modal.js": 1775212416.1550932,
  "frontend\\src\\components\\ui\\Modal.tsx": 1775053490.4977412,
  "frontend\\src\\components\\ui\\Skeleton.d.ts": 1775212416.2049394,
  "frontend\\src\\components\\ui\\Skeleton.js": 1775212416.1966822,
  "frontend\\src\\components\\ui\\Skeleton.tsx": 1774952232.3158221,
  "frontend\\src\\components\\ui\\Toast.d.ts": 1775212416.2451751,
  "frontend\\src\\components\\ui\\Toast.js": 1775212416.2383869,
  "frontend\\src\\components\\ui\\Toast.tsx": 1775053474.542354,
  "frontend\\src\\components\\ui\\Toggle.d.ts": 1775212416.2595801,
  "frontend\\src\\components\\ui\\Toggle.js": 1775212416.2517765,
  "frontend\\src\\components\\ui\\Toggle.tsx": 1775048555.3536713,
  "frontend\\src\\hooks\\queries.d.ts": 1775212416.079592,
  "frontend\\src\\hooks\\queries.js": 1775212416.0243247,
  "frontend\\src\\hooks\\queries.ts": 1775035305.2073956,
  "frontend\\src\\hooks\\use-offline-sync.d.ts": 1775212416.4231224,
  "frontend\\src\\hooks\\use-offline-sync.js": 1775212416.4100208,